{"WWH_OS": {"-2.0": 0.01605089812573883, "-1.75": 0.013642658812746964, "-1.5": 0.01144532635553627, "-1.25": 0.009458902359032134, "-1.0": 0.007683386019531249, "-0.75": 0.006118777633648681, "-0.5": 0.004765077041075287, "-0.25": 0.0036222844871293637, "0.0": 0.002690399340256538, "0.1": 0.002376699241634941, "0.2": 0.002096744870030937, "0.3": 0.0018505355742560576, "0.4": 0.001638071545041504, "0.5": 0.0014593527325738524, "0.6": 0.001314379085664215, "0.7": 0.001203150822998104, "0.8": 0.0011256678071098899, "0.9": 0.0010819298662686728, "1.0": 0.001071937378711844, "1.1": 0.0010956899388519952, "1.2": 0.0011531877990335082, "1.3": 0.001244431105887146, "1.4": 0.0013694194617887877, "1.5": 0.0015281530098947141, "1.6": 0.001720631943848877, "1.7": 0.0019468560984875487, "1.8": 0.0022068255072534176, "1.9": 0.002500540248682861, "2.0": 0.002828, "2.25": 0.0037942851403002923, "2.5": 0.004971478404776611, "2.75": 0.006359578982174072, "3.0": 0.007958587421384278, "3.25": 0.009768504842629394, "3.5": 0.011789327957738037, "3.75": 0.014021059654432372}, "WWH_SS": {"-2.0": 0.010611108014646493, "-1.75": 0.008957550931129456, "-1.5": 0.007448759763885879, "-1.25": 0.006084733401992608, "-1.0": 0.004865472078240548, "-0.75": 0.003790975616566658, "-0.5": 0.0028612442550300598, "-0.25": 0.0020762774863689426, "0.0": 0.0014360757321566391, "0.1": 0.001220529173623848, "0.2": 0.0010281451543635558, "0.3": 0.0008589234770943451, "0.4": 0.000712864127161274, "0.5": 0.0005899671629949188, "0.6": 0.0004902326347742653, "0.7": 0.00041366044160287855, "0.8": 0.00036025072539502145, "0.9": 0.0003300033569703675, "1.0": 0.0003229183519161641, "1.1": 0.0003389958011390734, "1.2": 0.00037823553015415196, "1.3": 0.00044063779644432067, "1.4": 0.0005262023912203217, "1.5": 0.000634929371210022, "1.6": 0.0007668187043966676, "1.7": 0.0009218704272793579, "1.8": 0.0011000846360247802, "1.9": 0.0013014611350396729, "2.0": 0.001526, "2.25": 0.0021886828221118165, "2.5": 0.0029961305809881596, "2.75": 0.003948343148096313, "3.0": 0.0050453203022296144, "3.25": 0.006287063349205932, "3.5": 0.0076735705850354006, "3.75": 0.009204842609071655}, "WZH": {"-2.0": 0.010591959188466948, "-1.75": 0.008972168179161587, "-1.5": 0.0074937250561472706, "-1.25": 0.006156628990039559, "-1.0": 0.004960880888218689, "-0.75": 0.003906480027553101, "-0.5": 0.002993426596881294, "-0.25": 0.0022217204177309036, "0.0": 0.0015913618027095793, "0.1": 0.0013787956070150376, "0.2": 0.001188845073199501, "0.3": 0.0010215101282004546, "0.4": 0.0008767906760999299, "0.5": 0.0007546868478484344, "0.6": 0.0006551985535853196, "0.7": 0.000578325874381876, "0.8": 0.0005240688771886588, "0.9": 0.0004924274355317998, "1.0": 0.00048340154770962955, "1.1": 0.0004969912144988275, "1.2": 0.0005331966005749655, "1.3": 0.0005920174078180027, "1.4": 0.0006734538502050973, "1.5": 0.0007775060239274215, "1.6": 0.0009041735848574066, "1.7": 0.001053456775069275, "1.8": 0.0012253556571969603, "1.9": 0.0014198700794952393, "2.0": 0.001637, "2.25": 0.0022787682165805053, "2.5": 0.003061883932532959, "2.75": 0.00398634692454834, "3.0": 0.005052157441413879, "3.25": 0.0062593155026129145, "3.5": 0.007607820897325745, "3.75": 0.009097673464190367}}