{"WZH": {"-2.0": 0.010591958857500002, "-1.75": 0.008972168843125, "-1.5": 0.007493724570625001, "-1.25": 0.006156628086250001, "-1.0": 0.00496088143625, "-0.75": 0.0039064800165625, "-0.5": 0.00299342664078125, "-0.25": 0.0022217205415625, "0.0": 0.001591361846796875, "0.1": 0.0013787957342187502, "0.2": 0.0011888450324218749, "0.3": 0.0010215101250781252, "0.4": 0.0008767906924609375, "0.5": 0.0007546868624609376, "0.6": 0.0006551985071875, "0.7": 0.0005783258184765625, "0.8": 0.0005240688602734375, "0.9": 0.0004924274087695313, "1.0": 0.00048340155988281253, "1.1": 0.0004969912496679687, "1.2": 0.0005331965740429688, "1.3": 0.0005920174051171875, "1.4": 0.00067345387078125, "1.5": 0.000777506066953125, "1.6": 0.0009041736099609375, "1.7": 0.00105345681953125, "1.8": 0.00122535563171875, "1.9": 0.00141987011046875, "2.0": 0.001637, "2.25": 0.002278768456875, "2.5": 0.0030618841903125, "2.75": 0.00398634694453125, "3.0": 0.0050521579984375, "3.25": 0.00625931505, "3.5": 0.007607821424375, "3.75": 0.00909767456375, "4.0": 0.010728873445}, "ZZH": {"-2.0": 0.0090581741475, "-1.75": 0.007624201119999999, "-1.5": 0.006315372814999999, "-1.25": 0.00513168994, "-1.0": 0.00407315143375, "-0.75": 0.0031397587112499997, "-0.5": 0.0023315103575, "-0.25": 0.00164840708, "0.0": 0.001090448701875, "0.1": 0.0009023059684374998, "0.2": 0.00073418632515625, "0.3": 0.0005860899046875, "0.4": 0.00045801679546874995, "0.5": 0.00034996677640624995, "0.6": 0.00026193998015625, "0.7": 0.00019393636249999998, "0.8": 0.00014595595660156247, "0.9": 0.00011799876246093749, "1.0": 0.00011006473585937499, "1.1": 0.00012215389890625, "1.2": 0.000154266240546875, "1.3": 0.00020640182710937499, "1.4": 0.00027856052593749995, "1.5": 0.000370742447578125, "1.6": 0.00048294768046875, "1.7": 0.00061517589296875, "1.8": 0.0007674274609374999, "1.9": 0.0009397021190624999, "2.0": 0.001132, "2.25": 0.0017003466006249998, "2.5": 0.0023938375699999997, "2.75": 0.00321247343875, "3.0": 0.0041562543837499995, "3.25": 0.005225180758749999, "3.5": 0.0064192522099999995, "3.75": 0.007738466615, "4.0": 0.009182829279999999}, "WWH_OS": {"-2.0": 0.0086611277375, "-1.75": 0.007361633348125, "-1.5": 0.006175943746875, "-1.25": 0.00510406084125, "-1.0": 0.004145985585, "-0.75": 0.0033017163090625, "-0.5": 0.0025712544440625, "-0.25": 0.00195459903625, "0.0": 0.001451750085625, "0.1": 0.0012824763896875, "0.2": 0.0011314118079687502, "0.3": 0.00099855634046875, "0.4": 0.00088390986796875, "0.5": 0.0007874725096875, "0.6": 0.00070924414640625, "0.7": 0.000649224956953125, "0.8": 0.000607414822109375, "0.9": 0.00058381362265625, "1.0": 0.000578421656640625, "1.1": 0.0005912385664062499, "1.2": 0.000622264709609375, "1.3": 0.0006714998478125, "1.4": 0.0007389441598437501, "1.5": 0.00082459734765625, "1.6": 0.0009284597689062499, "1.7": 0.001050531304375, "1.8": 0.001190811715625, "1.9": 0.00134930147953125, "2.0": 0.001526, "2.25": 0.00204741131, "2.5": 0.0026826295540625, "2.75": 0.0034316537784375, "3.0": 0.004294485890625, "3.25": 0.005271123983125, "3.5": 0.006361568294375001, "3.75": 0.00756581930125, "4.0": 0.00888387700375}, "WWH_SS": {"-2.0": 0.019664623492499995, "-1.75": 0.01660023274, "-1.5": 0.013804121974999998, "-1.25": 0.011276295616249998, "-1.0": 0.009016746593749998, "-0.75": 0.007025478442499998, "-0.5": 0.005302488511249999, "-0.25": 0.0038477803349999994, "0.0": 0.0026613514834375, "0.1": 0.00226189803, "0.2": 0.0019053698606249997, "0.3": 0.0015917663124999997, "0.4": 0.0013210877170312498, "0.5": 0.0010933336323437498, "0.6": 0.0009085045555468748, "0.7": 0.0007666000999999998, "0.8": 0.0006676205418749999, "0.9": 0.0006115658811718749, "1.0": 0.0005984357864843748, "1.1": 0.0006282308653906248, "1.2": 0.000700950234140625, "1.3": 0.0008165948317187499, "1.4": 0.0009751639953124999, "1.5": 0.0011766581115624998, "1.6": 0.0014210768490624996, "1.7": 0.0017084202078124996, "1.8": 0.0020386890715624996, "1.9": 0.0024118821146874997, "2.0": 0.002828, "2.25": 0.004056090815, "2.5": 0.005552462059374999, "2.75": 0.007317113291249999, "3.0": 0.009350043184999999, "3.25": 0.01165125483375, "3.5": 0.014220744702499998, "3.75": 0.017058513674999998, "4.0": 0.020164566169999995}}