{
    "VBSWH_Inclusive": 0.075,
    "VBSWH_mkW_Inclusive": 0.433,
    "VBSWH_mkZ_Inclusive": 0.433,
    "WW": 118.71,
    "ZZ": 10.32,
    "WZ": 51,
    "WZJJ_EWK_InclusivePolarization": 0.01701,
    "tZq_ll_4f_ckm_NLO": 0.0758,
    "ST_s-channel_4f": 3.74,
    "ST_t-channel_antitop_4f": 80.95,
    "ST_t-channel_top_4f": 136.02,
    "ST_tW_antitop_5f": 19.559,
    "ST_tW_top_5f": 19.559,
    "ST_tWll_5f_LO": 0.01123,
    "TWZToLL_tlept_Whad_5f_DR": 0.003004,
    "TWZToLL_thad_Wlept_5f_DR": 0.003004,
    "ZZTo4L": 1.256,
    "GluGluHToZZTo4L": 0.0082323,
    "DYJetsToLL_M-10to50": 20657.0,
    "DYJetsToLL_M-50": 6198.0,
    "WJetsToLNu": 1.0,
    "TTWJetsToLNu": 0.2043,
    "TTZToLLNuNu_M-10": 0.2529,
    "TTZToLL_M-1to10": 0.2529,
    "TTJets_DiLept": 91.044,
    "TTJets_SingleLeptFromT": 182.96,
    "TTJets_SingleLeptFromTbar": 182.96,
    "TTTo2L2Nu": 94.936764,
    "TTToSemiLeptonic": 373.9093904,
    "TTToHadronic": 367.825066,
    "WpWpJJ_EWK": 0.0539,
    "SSWW": 0.02794,
    "WZTo3LNu": 4.4297,
    "VBSWmpWmpH_C2V_4p5_TuneCP5": 0.01021,
    "VBSWmpWmpH_C2V_4_TuneCP5": 0.007546,
    "VBSWmpWmpH_C2V_3_TuneCP5": 0.003559,
    "VBSWmpWmpH_C2V_1_TuneCP5": 0.0002943,
    "VBSWmpWmpH_C2V_0_TuneCP5": 0.001037,
    "VBSWmpWmpH_C2V_m1_TuneCP5": 0.003359,
    "VBSWmpWmpH_C2V_m2_TuneCP5": 0.007276,
    "VBSWmpWmpH_C2V_m2p5_TuneCP5": 0.009797,
    "VBSWWHToLNuLNubb_C2V": 0.0009246749816,
    "VBSWWHToLNuLNubb_CV": 0.0009246749816,
    "VBSWWHToLNuLNubb_C3": 0.001364877636,
    "ttHTobb_M125": 0.1279,
    "ttHToNonbb_M125": 0.215,
    "ttHJetTobb_M125": 0.1279,
    "ttHJetToNonbb_M125": 0.215,
    "TTTT": 0.009103,
    "TTWW": 0.0115,
    "TTWZ": 0.003884,
    "TTZZ": 0.001982,
    "TTWH": 0.001582,
    "TTZH": 0.001535,
    "TTbb_4f_TTTo2L2Nu": 0.04,
    "TTbb_4f_TTToSemiLeptonic": 0.62,
    "WWW_4F": 0.2086,
    "WWZ_4F": 0.1651,
    "WZG": 0.04123,
    "WZZ": 0.05565,
    "ZZZ": 0.01398,
    "WWToLNuQQ": 49.997,
    "WWTo2L2Nu": 12.178,
    "VHToNonbb_M125": 2.207,
    "ZH_HToBB_ZToLL_M-125": 0.02627486511,
    "ggZH_HToBB_ZToLL_M-125": 0.002461395396,
    "WminusH_HToBB_WToLNu_M-125": 0.04901236122,
    "WplusH_HToBB_WToLNu_M-125": 0.08487599411,
    "Run201": 1
}
